<?xml version="1.0" encoding="UTF-8" ?>
<!DOCTYPE log4j:configuration SYSTEM "log4j.dtd">

<!--this file is a config for custom log library log4j -->

<log4j:configuration xmlns:log4j="http://jakarta.apache.org/log4j/">

    <appender name="CONSOLE" class="org.apache.log4j.ConsoleAppender">
        <param name="Target" value="System.out"/>
        <!-- <param name="Threshold" value="INFO" /> -->
        <layout class="org.apache.log4j.PatternLayout">
            <param name="ConversionPattern"
                   value="[%d{dd/MM/yy HH:mm:ss:sss z}] [%t] %5p %c{2}: %m%n"/>
            <!-- "%-5p %c{1}: %m%n" -->
        </layout>
    </appender>

    <!-- <logger name="com.epam"> <level value="WARN"/> </logger> -->

    <root>
        <!-- <level value="INFO"/> -->
        <priority value="INFO"/>
        <appender-ref ref="CONSOLE"/>
    </root>

</log4j:configuration>
